{"stats":{"minecraft:killed":{"minecraft:spider":1},"minecraft:mined":{"minecraft:grass":2,"minecraft:oak_log":11},"minecraft:picked_up":{"minecraft:oak_log":11},"minecraft:custom":{"minecraft:jump":49,"minecraft:time_since_rest":6212,"minecraft:damage_taken":150,"minecraft:leave_game":4,"minecraft:damage_dealt":160,"minecraft:crouch_one_cm":829,"minecraft:sprint_one_cm":20268,"minecraft:play_time":6212,"minecraft:time_since_death":6212,"minecraft:walk_one_cm":9436,"minecraft:sneak_time":583,"minecraft:total_world_time":6212,"minecraft:mob_kills":1,"minecraft:fall_one_cm":1385,"minecraft:fly_one_cm":8630},"minecraft:crafted":{"minecraft:oak_planks":44}},"DataVersion":3465}