{"stats":{"minecraft:custom":{"minecraft:jump":10,"minecraft:time_since_rest":1386,"minecraft:leave_game":1,"minecraft:crouch_one_cm":653,"minecraft:sprint_one_cm":3502,"minecraft:play_time":1386,"minecraft:damage_taken":70,"minecraft:time_since_death":1386,"minecraft:walk_one_cm":1250,"minecraft:sneak_time":559,"minecraft:total_world_time":1386,"minecraft:fall_one_cm":967,"minecraft:fly_one_cm":1949},"minecraft:crafted":{"minecraft:oak_planks":44},"minecraft:picked_up":{"minecraft:oak_log":11},"minecraft:mined":{"minecraft:oak_log":11}},"DataVersion":3465}