{"stats":{"minecraft:crafted":{"minecraft:oak_planks":44},"minecraft:picked_up":{"minecraft:oak_log":11},"minecraft:mined":{"minecraft:oak_log":11},"minecraft:custom":{"minecraft:jump":17,"minecraft:time_since_rest":4687,"minecraft:damage_dealt":160,"minecraft:damage_taken":150,"minecraft:play_time":4687,"minecraft:crouch_one_cm":803,"minecraft:leave_game":3,"minecraft:sprint_one_cm":4891,"minecraft:time_since_death":4687,"minecraft:walk_one_cm":6020,"minecraft:sneak_time":581,"minecraft:total_world_time":4687,"minecraft:mob_kills":1,"minecraft:fall_one_cm":1176,"minecraft:fly_one_cm":3738},"minecraft:killed":{"minecraft:spider":1}},"DataVersion":3465}