{"stats":{"minecraft:crafted":{"minecraft:oak_planks":44},"minecraft:mined":{"minecraft:oak_log":11},"minecraft:picked_up":{"minecraft:oak_log":11},"minecraft:custom":{"minecraft:jump":10,"minecraft:time_since_rest":4059,"minecraft:damage_taken":70,"minecraft:leave_game":2,"minecraft:crouch_one_cm":715,"minecraft:play_time":4059,"minecraft:sprint_one_cm":3502,"minecraft:time_since_death":4059,"minecraft:walk_one_cm":1888,"minecraft:sneak_time":571,"minecraft:total_world_time":4059,"minecraft:fall_one_cm":967,"minecraft:fly_one_cm":1949}},"DataVersion":3465}